{
  "num_pairs": 188,
  "language_counts": {
    "en-IN": 81,
    "hi-IN": 107
  },
  "transcript_available": 188,
  "final_24khz_count": 188,
  "raw_16khz_count": 188,
  "quality_gate_summary": {
    "snr_improved_pct": 4.25531914893617,
    "snr_unchanged_pct": 71.80851063829788,
    "snr_worse_pct": 23.93617021276596,
    "final_lufs_within_2db_of_target_pct": 96.80851063829788,
    "raw_lufs_within_2db_of_target_pct": 36.17021276595745,
    "duration_delta_under_50ms_pct": 100.0,
    "acoustic_similarity_over_0_98_pct": 81.91489361702128,
    "zero_clipping_final_pct": 100.0
  },
  "metrics": {
    "raw_snr_db": {
      "mean": 39.454032468220596,
      "median": 38.45879081888728,
      "min": 25.393926443394864,
      "max": 157.08987038013169
    },
    "final_snr_db": {
      "mean": 39.20088783811257,
      "median": 38.042269610118,
      "min": 25.247327127073085,
      "max": 155.9567651716008
    },
    "snr_delta_db": {
      "mean": -0.25314463010802934,
      "median": -0.14621289948959237,
      "min": -2.996390915077118,
      "max": 1.6286807961283927
    },
    "raw_clipping_pct": {
      "mean": 0.0,
      "median": 0.0,
      "min": 0.0,
      "max": 0.0
    },
    "final_clipping_pct": {
      "mean": 0.0,
      "median": 0.0,
      "min": 0.0,
      "max": 0.0
    },
    "raw_rms_dbfs": {
      "mean": -21.287775602784482,
      "median": -22.23356327413917,
      "min": -30.023250128025005,
      "max": -13.468247068312209
    },
    "final_rms_dbfs": {
      "mean": -23.733112877547246,
      "median": -23.519180710485358,
      "min": -26.710321044710604,
      "max": -21.992130729324657
    },
    "raw_peak_dbfs": {
      "mean": -3.335664219120988,
      "median": -3.6779182656829987,
      "min": -8.09585794803374,
      "max": -0.10909685892637742
    },
    "final_peak_dbfs": {
      "mean": -5.559201602156733,
      "median": -5.322387710509375,
      "min": -12.444863637997399,
      "max": -1.4996333027513755
    },
    "raw_active_ratio": {
      "mean": 0.6175074060150602,
      "median": 0.619222160118536,
      "min": 0.40603015075376886,
      "max": 0.757396449704142
    },
    "final_active_ratio": {
      "mean": 0.6131454809567631,
      "median": 0.6163809299064777,
      "min": 0.4069175991861648,
      "max": 0.7614314115308151
    },
    "raw_silence_ratio": {
      "mean": 0.38249259398493984,
      "median": 0.38077783988146396,
      "min": 0.242603550295858,
      "max": 0.5939698492462311
    },
    "final_silence_ratio": {
      "mean": 0.38685451904323687,
      "median": 0.3836190700935222,
      "min": 0.23856858846918494,
      "max": 0.5930824008138351
    },
    "raw_lufs": {
      "mean": -20.844706396957854,
      "median": -21.89647527125208,
      "min": -29.11432789746798,
      "max": -13.480697526966775
    },
    "final_lufs": {
      "mean": -23.33408737808635,
      "median": -23.239044619563117,
      "min": -26.104786931526437,
      "max": -21.093351336801586
    },
    "lufs_target_error_delta": {
      "mean": -3.3748215540499698,
      "median": -3.1488756010763623,
      "min": -9.210949218068265,
      "max": 3.074139350805382
    },
    "raw_loudness_range_db": {
      "mean": 36.895119080642715,
      "median": 36.8769196555001,
      "min": 19.17768576279081,
      "max": 59.06077201206166
    },
    "final_loudness_range_db": {
      "mean": 36.62356280223528,
      "median": 36.4336064824453,
      "min": 19.131010238428384,
      "max": 59.25392081859146
    },
    "raw_crest_factor_db": {
      "mean": 17.952111383663496,
      "median": 18.31304225479564,
      "min": 12.945076741483293,
      "max": 24.121843708412637
    },
    "final_crest_factor_db": {
      "mean": 18.173911275390513,
      "median": 18.576202214877153,
      "min": 13.141933803048362,
      "max": 23.10283601984441
    },
    "raw_spectral_flatness": {
      "mean": 0.032337673009829475,
      "median": 0.03168082997956418,
      "min": 0.0030423210821973017,
      "max": 0.10219827518251583
    },
    "final_spectral_flatness": {
      "mean": 0.0225271861193413,
      "median": 0.021708329531046306,
      "min": 0.002232714942327586,
      "max": 0.0938931457024774
    },
    "raw_low_freq_rumble_ratio": {
      "mean": 0.005988752010989654,
      "median": 0.00013244968994548218,
      "min": 3.2400937239913677e-06,
      "max": 0.13426734777341048
    },
    "final_low_freq_rumble_ratio": {
      "mean": 0.00614010453791237,
      "median": 0.000137744831168172,
      "min": 3.278660701027059e-06,
      "max": 0.13622077214699224
    },
    "raw_high_freq_noise_ratio": {
      "mean": 0.0024782135433366356,
      "median": 0.0011474686948929089,
      "min": 2.6107401621325233e-05,
      "max": 0.012613847555127584
    },
    "final_high_freq_noise_ratio": {
      "mean": 0.0022600279180368743,
      "median": 0.0010367178768170833,
      "min": 2.5404741194652355e-05,
      "max": 0.012744121779441854
    },
    "raw_speech_band_energy_ratio": {
      "mean": 0.9915330344456738,
      "median": 0.9986271219830309,
      "min": 0.8591506334671517,
      "max": 0.9998986754254583
    },
    "final_speech_band_energy_ratio": {
      "mean": 0.9915998675440506,
      "median": 0.9987078389306456,
      "min": 0.8572632911365756,
      "max": 0.9999066942164938
    },
    "duration_delta_s": {
      "mean": 1.5292553191444274e-05,
      "median": 0.0,
      "min": 0.0,
      "max": 8.333333333432336e-05
    },
    "acoustic_similarity": {
      "mean": 0.9912208735391693,
      "median": 0.9977066696793584,
      "min": 0.9397162434012817,
      "max": 0.9999918727990503
    }
  }
}